task_id,gps_0,gps_1,pricing,condition,cluster,rate
A0001,22.566142254795,113.980836777953,66.0,0,12,0.2
A0002,22.6862052598878,113.940525211308,65.5,0,9,0.0
A0003,22.5765118283363,113.95719800411,65.5,1,12,0.2
A0004,22.5648408102711,114.24457109293,75.0,0,29,0.09523809523809523
A0005,22.5588877510826,113.950722665736,65.5,0,7,0.6956521739130435
A0006,22.5589990603263,114.241317401629,75.0,0,29,0.09523809523809523
A0007,22.5490037129604,113.97225969676,65.5,1,12,0.2
A0008,22.5627735077314,113.956573538052,65.5,0,12,0.2
A0009,22.5000119233833,113.895660567915,66.0,0,7,0.6956521739130435
A0010,22.5437860995949,113.923977803989,66.0,1,7,0.6956521739130435
A0011,22.5248636906434,113.930859554515,65.5,0,7,0.6956521739130435
A0012,22.519087000679,113.935843611296,65.5,0,7,0.6956521739130435
A0013,22.5479724310799,113.977909038602,65.5,1,12,0.2
A0014,22.5061687130557,113.931428439716,66.0,1,7,0.6956521739130435
A0015,22.4996256609397,113.936514493699,66.0,1,7,0.6956521739130435
A0016,22.540321415216,113.923645598933,66.0,1,7,0.6956521739130435
A0017,22.5245541889304,113.92473190182,65.5,1,7,0.6956521739130435
A0018,22.4981900986281,113.898481737691,66.0,0,7,0.6956521739130435
A0019,22.5460394638191,113.974968421143,65.5,1,12,0.2
A0020,22.497728920198,113.937337700868,66.0,1,7,0.6956521739130435
A0021,22.4941624669753,113.927139030908,66.0,1,7,0.6956521739130435
A0022,22.5159201164617,113.93567688759,65.0,1,7,0.6956521739130435
A0023,22.5157856773782,113.94205574693,65.5,0,7,0.6956521739130435
A0024,22.5422096257037,114.019649276618,66.5,0,12,0.2
A0025,22.5445896135667,113.99866008452,67.5,0,12,0.2
A0026,22.4930831267728,113.935839142226,66.0,1,7,0.6956521739130435
A0027,22.5248894876791,113.919142922515,65.5,1,7,0.6956521739130435
A0028,22.5480858154297,113.945311875335,66.5,1,7,0.6956521739130435
A0029,22.5647073449243,113.982009250796,66.0,0,12,0.2
A0030,22.5819344788478,114.156395293242,68.0,0,29,0.09523809523809523
A0031,22.5429361050784,114.131407227026,67.0,0,29,0.09523809523809523
A0032,22.5239495360594,113.943441614942,65.5,0,7,0.6956521739130435
A0033,22.5510130545882,113.956744570929,65.5,1,7,0.6956521739130435
A0034,22.5829932950536,114.147122731579,66.0,1,29,0.09523809523809523
A0035,22.549270134625,114.131744697949,66.5,0,29,0.09523809523809523
A0036,22.5259613413852,113.935399270764,65.5,1,7,0.6956521739130435
A0037,22.7563792952752,114.04213561073,70.0,0,37,0.5263157894736842
A0038,22.6414407060529,114.422742132399,75.0,0,20,0.0
A0039,22.711660071995,114.072883627376,66.5,0,37,0.5263157894736842
A0040,22.6064932325456,114.124153601375,66.0,0,29,0.09523809523809523
A0041,22.6622997110033,114.072996896515,65.0,0,9,0.0
A0042,22.635398280659,114.226377185934,66.5,1,2,0.47058823529411764
A0043,22.7380284355305,114.264097001048,67.0,0,41,0.3
A0044,22.6255834838843,114.154966375968,69.0,0,29,0.09523809523809523
A0045,22.6526549643723,114.027229172221,66.0,0,9,0.0
A0046,22.7889219689206,113.896632665629,66.0,0,1,0.7142857142857143
A0047,22.7010356427446,114.244292079239,67.0,0,2,0.47058823529411764
A0048,22.6315405076403,114.12149281776,67.0,0,29,0.09523809523809523
A0049,22.6417147970367,114.195532954479,68.5,0,2,0.47058823529411764
A0050,22.689403355188,114.345418821992,70.0,0,41,0.3
A0051,22.6301004227929,114.063832661281,66.5,0,9,0.0
A0052,22.6639167291901,114.071717684316,65.5,0,9,0.0
A0053,22.7506640039026,114.378843000345,70.0,0,41,0.3
A0054,22.7227256081329,114.073801635421,67.0,0,37,0.5263157894736842
A0055,22.6413803215711,114.229981802978,67.0,0,2,0.47058823529411764
A0056,22.7764075422069,114.309587840635,73.0,0,41,0.3
A0057,22.5870653356629,113.905761364795,66.0,0,25,0.2777777777777778
A0058,22.6933957055509,114.147487353786,69.0,0,2,0.47058823529411764
A0059,22.6040496991942,114.058613751507,66.0,0,9,0.0
A0060,22.6376363999893,114.06791620901,65.5,0,9,0.0
A0061,22.6578852114526,114.07477225632,65.5,0,9,0.0
A0062,22.6178181688603,114.157260801849,67.5,0,29,0.09523809523809523
A0063,22.6414407060529,114.422742132399,75.0,0,20,0.0
A0064,22.7813987573364,114.300806526091,73.0,0,41,0.3
A0065,22.7229412237494,114.27771560183,67.0,0,41,0.3
A0066,22.6747071093467,114.22093326141,67.0,0,2,0.47058823529411764
A0067,22.6628381443602,114.026397428454,65.0,0,9,0.0
A0068,22.6577697242095,114.079493396147,65.5,0,9,0.0
A0069,22.6569132739748,114.210092791689,66.0,0,2,0.47058823529411764
A0070,22.7385903883485,113.818449251052,66.5,0,36,0.05555555555555555
A0071,22.7163633127048,114.32225700256,70.0,0,41,0.3
A0072,22.5233140084978,114.04663858269,66.5,0,12,0.2
A0073,22.6530142206891,114.212454874348,66.0,0,2,0.47058823529411764
A0074,22.5331754025637,114.083134154717,66.5,0,29,0.09523809523809523
A0075,22.5995590515513,114.130362976515,66.5,0,29,0.09523809523809523
A0076,22.6502783683962,113.936624148954,68.5,0,25,0.2777777777777778
A0077,22.7378203776219,114.285890066086,65.5,1,41,0.3
A0078,22.7385903883485,113.818449251052,66.5,1,36,0.05555555555555555
A0079,22.7430010931667,113.995040147773,71.0,0,37,0.5263157894736842
A0080,22.6349541735094,114.044819584999,66.0,0,9,0.0
A0081,22.7513933784059,114.026239909685,70.0,1,37,0.5263157894736842
A0082,22.6155646326245,114.152415879117,67.0,0,29,0.09523809523809523
A0083,22.6844700633893,114.000085031516,66.0,0,9,0.0
A0084,22.6651428008973,114.020001901954,65.5,0,9,0.0
A0085,22.6933155162664,113.81707837037,66.0,0,36,0.05555555555555555
A0086,22.7560020308019,113.851361212011,66.5,0,1,0.7142857142857143
A0087,22.7333561925431,113.831291899127,66.0,0,36,0.05555555555555555
A0088,22.7778578024144,113.917004348147,70.0,0,1,0.7142857142857143
A0089,22.7059717485156,113.8079954237,66.5,0,36,0.05555555555555555
A0090,22.7046649683488,113.972689897065,70.0,0,9,0.0
A0091,22.6520496098925,114.053593678065,65.5,0,9,0.0
A0092,22.7213341121282,114.061619587743,67.0,0,37,0.5263157894736842
A0093,22.6800886065083,113.834786135085,70.0,0,36,0.05555555555555555
A0094,22.7087497447993,113.816054302089,66.0,0,36,0.05555555555555555
A0095,22.607669788426,113.868531174692,65.5,0,25,0.2777777777777778
A0096,22.7271036717407,114.061381858376,67.0,1,37,0.5263157894736842
A0097,22.6795558910636,113.832938493127,65.5,0,36,0.05555555555555555
A0098,22.675097731447,113.822362023717,65.5,0,36,0.05555555555555555
A0099,22.7333561925431,113.831291899127,66.0,0,36,0.05555555555555555
A0100,22.611775078928,114.038058741903,66.0,0,9,0.0
A0101,22.7300665719473,114.066647673172,66.5,0,37,0.5263157894736842
A0102,22.6523537636241,113.929912549169,70.0,0,25,0.2777777777777778
A0103,22.7136525650851,114.065237460183,66.0,0,37,0.5263157894736842
A0104,22.5607343074643,113.89007789741,70.0,1,25,0.2777777777777778
A0105,22.6734335276973,113.825705157502,65.0,0,36,0.05555555555555555
A0106,22.5915549765801,114.125910235104,67.5,0,29,0.09523809523809523
A0107,22.6705219973773,113.923561080063,70.0,0,25,0.2777777777777778
A0108,22.7003870654451,113.844902563379,66.0,0,36,0.05555555555555555
A0109,22.5635036060249,113.906894768535,65.5,1,25,0.2777777777777778
A0110,22.7074327930824,113.930013135693,68.5,0,36,0.05555555555555555
A0111,22.6335574972806,113.851360434976,70.5,0,25,0.2777777777777778
A0112,22.5641925131759,113.896166355239,65.5,0,25,0.2777777777777778
A0113,22.6691926689555,114.038411728358,66.5,0,9,0.0
A0114,22.5962807681237,113.855062769694,66.5,0,25,0.2777777777777778
A0115,22.6851882278014,113.81156753556,67.0,0,36,0.05555555555555555
A0116,22.7070081399144,114.096776550712,66.0,0,37,0.5263157894736842
A0117,22.7303490034601,114.068783000165,67.0,0,37,0.5263157894736842
A0118,22.6076110049139,113.869894332642,65.5,0,25,0.2777777777777778
A0119,22.5848807593367,113.91327495018,66.0,1,25,0.2777777777777778
A0120,22.5609901044042,113.894562979616,65.5,0,25,0.2777777777777778
A0121,22.7356517809663,114.280464023231,65.0,1,41,0.3
A0122,22.5819431420697,113.888016568333,66.5,1,25,0.2777777777777778
A0123,22.5829728906449,113.907183429129,65.5,1,25,0.2777777777777778
A0124,22.5413895409741,113.919110416432,66.0,1,7,0.6956521739130435
A0125,22.7704017692631,113.855116111075,66.0,0,1,0.7142857142857143
A0126,23.1676903546272,113.665172812936,75.0,1,23,1.0
A0127,23.1654980452292,113.387590060323,65.5,1,31,0.2903225806451613
A0128,23.1593359975333,113.338711283964,65.5,0,31,0.2903225806451613
A0129,23.1687891455769,113.419959772635,66.5,1,31,0.2903225806451613
A0130,23.1284929476215,113.350618568732,65.0,0,13,0.5172413793103449
A0131,23.1307022473192,113.416260868546,65.5,0,31,0.2903225806451613
A0132,23.1382207893585,113.389486698559,65.0,0,31,0.2903225806451613
A0133,23.1861168487634,113.597485671544,75.0,1,23,1.0
A0134,23.1240189591638,113.411547026554,65.0,0,31,0.2903225806451613
A0135,23.1381658955335,113.372836112767,65.5,1,31,0.2903225806451613
A0136,23.1996730122491,113.406846999602,68.5,0,31,0.2903225806451613
A0137,23.1224808721127,113.361124926295,65.5,0,13,0.5172413793103449
A0138,23.2001391478776,113.374908952731,65.5,0,31,0.2903225806451613
A0139,23.1012502166771,113.548436650122,68.0,0,35,0.4
A0140,23.1248664643703,113.561445341886,69.0,0,35,0.4
A0141,23.1087118142391,113.492884574249,66.5,0,35,0.4
A0142,23.1243156395216,113.408115078202,65.0,0,31,0.2903225806451613
A0143,23.1675143840217,113.337954403182,66.0,0,31,0.2903225806451613
A0144,23.1354420411307,113.390007969091,65.0,0,31,0.2903225806451613
A0145,23.1368057684525,113.331549452559,65.0,0,13,0.5172413793103449
A0146,23.1159303246968,113.42048908658,66.0,0,31,0.2903225806451613
A0147,23.1618940670467,113.343334634253,66.0,0,31,0.2903225806451613
A0148,23.1097973945641,113.453448444076,66.0,0,35,0.4
A0149,23.1097580892894,113.453481189203,66.0,0,35,0.4
A0150,23.1909047341958,113.449201701942,73.0,1,31,0.2903225806451613
A0151,23.1087118142391,113.492884574249,66.5,1,35,0.4
A0152,23.0998282189715,113.484963504791,65.5,0,35,0.4
A0153,23.0797894313979,113.429744979892,70.5,1,35,0.4
A0154,23.1181011943149,113.544217136668,67.0,1,35,0.4
A0155,23.1087118142391,113.492884574249,66.5,1,35,0.4
A0156,23.1011247274453,113.487241158411,65.5,0,35,0.4
A0157,23.1487229407005,113.515291376765,73.5,0,35,0.4
A0158,23.0479763966089,113.289293329367,69.0,0,43,0.8666666666666667
A0159,23.1111406826233,113.278240859545,66.0,0,0,0.4375
A0160,22.9345907957979,113.416799529649,70.0,0,45,0.7837837837837838
A0161,23.3969086250469,113.347511423398,75.0,0,34,0.5
A0162,23.0913807065672,113.531677147482,70.0,0,35,0.4
A0163,23.2156529919026,113.300569151175,66.0,0,21,0.6111111111111112
A0164,22.9609932512206,113.442775215343,66.5,0,45,0.7837837837837838
A0165,23.2128091257282,113.256333074606,65.5,0,21,0.6111111111111112
A0166,23.2945140830139,113.331306286413,69.0,0,39,0.6363636363636364
A0167,23.2374577140508,113.204265310992,70.0,0,27,0.6666666666666666
A0168,23.3718457592623,113.360399252647,74.5,0,34,0.5
A0169,23.3862789522872,113.410598974178,74.0,0,34,0.5
A0170,23.2577840626908,113.319993212109,65.5,0,21,0.6111111111111112
A0171,23.0802913180246,113.204206100083,67.5,0,33,0.95
A0172,23.2128091257282,113.256333074606,65.5,0,21,0.6111111111111112
A0173,23.2523133871887,113.264093640781,66.5,0,21,0.6111111111111112
A0174,23.2617120579038,113.273631743806,65.5,0,21,0.6111111111111112
A0175,23.1965714623088,113.248217962292,65.0,0,27,0.6666666666666666
A0176,23.233763172406,113.223460705564,67.5,0,27,0.6666666666666666
A0177,22.604959707051,113.857589590804,66.0,0,25,0.2777777777777778
A0178,22.7503426275261,113.583522613719,70.0,1,15,0.9375
A0179,23.112957963072,113.218596106348,67.0,1,33,0.95
A0180,23.1317590111482,113.27575799971,65.0,0,0,0.4375
A0181,23.1404538960516,113.288511874539,65.5,1,0,0.4375
A0182,23.1288238498394,113.422445466624,65.5,0,31,0.2903225806451613
A0183,23.1381658955335,113.372836112767,65.5,1,31,0.2903225806451613
A0184,23.135343036366,113.303714558036,65.0,0,0,0.4375
A0185,23.1441611874437,113.293760883836,65.5,1,0,0.4375
A0186,23.1350887199493,113.308793343828,65.0,0,0,0.4375
A0187,23.1291226806063,113.350269600398,65.5,0,13,0.5172413793103449
A0188,23.1355991942272,113.350753117381,65.5,0,31,0.2903225806451613
A0189,22.8914003692739,113.463408611086,69.5,1,6,0.625
A0190,23.1324472006173,113.339825712796,65.5,1,13,0.5172413793103449
A0191,23.1378221906984,113.391320724901,65.0,0,31,0.2903225806451613
A0192,23.1370846778693,113.334185837298,65.0,0,13,0.5172413793103449
A0193,23.1996540489449,113.347128721895,65.5,0,31,0.2903225806451613
A0194,23.1628186802684,113.418328010558,66.0,1,31,0.2903225806451613
A0195,23.1621334712159,113.33624247722,65.5,0,31,0.2903225806451613
A0196,23.1745217883214,113.359043890192,66.5,0,31,0.2903225806451613
A0197,23.1396300112367,113.373441000257,65.0,0,31,0.2903225806451613
A0198,22.8292607570027,113.512806615216,75.0,1,15,0.9375
A0199,22.7740343384781,113.563484892444,74.5,1,15,0.9375
A0200,22.7609687421639,113.567051785148,75.0,1,15,0.9375
A0201,23.06873265818,113.259724537227,67.0,1,0,0.4375
A0202,23.3804385369808,113.214808316726,70.0,1,8,0.5428571428571428
A0203,23.0683224425615,113.259826043953,67.0,0,0,0.4375
A0204,22.8066172363972,113.553841124661,66.5,1,15,0.9375
A0205,22.8080831187483,113.554093517069,66.5,1,15,0.9375
A0206,22.807546702812,113.552166166666,70.0,1,15,0.9375
A0207,22.7515565254918,113.582300593937,70.0,1,15,0.9375
A0208,22.7372249570996,113.493320018744,75.0,1,15,0.9375
A0209,22.7514939634161,113.583011167968,70.0,1,15,0.9375
A0210,23.1087118142391,113.492884574249,67.0,1,35,0.4
A0211,23.1438110113331,113.225977000331,66.0,0,0,0.4375
A0212,23.452313317277,113.18650320598,70.0,0,8,0.5428571428571428
A0213,23.3387320144502,113.28750899998,68.0,1,39,0.6363636363636364
A0214,23.4663327934283,113.159491967779,70.0,0,8,0.5428571428571428
A0215,23.1421736666503,113.225830285482,66.0,0,0,0.4375
A0216,23.374775772357,113.178884764987,70.5,1,8,0.5428571428571428
A0217,23.4707976950687,113.162317292602,70.0,0,8,0.5428571428571428
A0218,23.1369726166487,113.251180512779,66.0,1,0,0.4375
A0219,23.4567319436188,113.281831122566,70.5,1,34,0.5
A0220,23.3928644657187,113.216877071196,65.0,1,8,0.5428571428571428
A0221,23.4594832741594,113.190665542288,70.0,0,8,0.5428571428571428
A0222,22.7102301705629,113.552891213297,75.0,1,15,0.9375
A0223,23.466897437603,113.156847690528,70.0,0,8,0.5428571428571428
A0224,23.3948402819022,113.221447149273,70.0,0,8,0.5428571428571428
A0225,23.3388714432594,113.111064901651,75.0,1,8,0.5428571428571428
A0226,23.4739306979279,113.228661761516,75.0,0,8,0.5428571428571428
A0227,23.415362495971,113.255981176897,70.0,1,8,0.5428571428571428
A0228,23.3962014611059,113.214823185478,65.5,1,8,0.5428571428571428
A0229,23.4049935441326,113.218564358435,70.0,1,8,0.5428571428571428
A0230,23.0756222678072,113.288290696452,66.0,1,13,0.5172413793103449
A0231,23.3724341706871,113.207607097319,70.0,1,8,0.5428571428571428
A0232,23.425831172849,113.208056767498,70.0,1,8,0.5428571428571428
A0233,23.3984107824574,113.25153069652,70.0,1,8,0.5428571428571428
A0234,23.3895943664696,113.209449233563,70.0,1,8,0.5428571428571428
A0235,23.4038021496939,113.209090840207,70.0,1,8,0.5428571428571428
A0236,23.3950883145195,113.209232887461,70.0,1,8,0.5428571428571428
A0237,23.0969280105105,113.239735000161,66.0,1,0,0.4375
A0238,23.4084128090178,113.212755376026,70.0,1,8,0.5428571428571428
A0239,23.0918714635254,113.337875769111,65.0,1,13,0.5172413793103449
A0240,23.3948402819022,113.221447149273,70.0,0,8,0.5428571428571428
A0241,23.0953786446699,113.340585953241,65.5,0,13,0.5172413793103449
A0242,23.4064905563046,113.169637572138,71.5,1,8,0.5428571428571428
A0243,23.1002261378906,113.272654115225,65.5,0,0,0.4375
A0244,23.1140539351209,113.268162269676,66.0,0,0,0.4375
A0245,23.4260402551923,113.205743562539,70.0,1,8,0.5428571428571428
A0246,23.0914437936008,113.361995204673,66.5,0,13,0.5172413793103449
A0247,23.0725067756973,113.323263141182,66.0,1,13,0.5172413793103449
A0248,23.0987470300923,113.314500058647,65.0,0,13,0.5172413793103449
A0249,23.0922354401604,113.361821053777,66.5,0,13,0.5172413793103449
A0250,23.0922576316007,113.309217218266,65.5,1,13,0.5172413793103449
A0251,23.0781382751711,113.356352889423,66.5,0,13,0.5172413793103449
A0252,23.0720749507871,113.357390647834,67.0,0,13,0.5172413793103449
A0253,23.0868626906769,113.332467287231,65.0,1,13,0.5172413793103449
A0254,23.0934910827144,113.279266420157,65.5,1,0,0.4375
A0255,23.0888786540514,113.328379781568,65.0,1,13,0.5172413793103449
A0256,23.0869086308023,113.343204462598,65.5,1,13,0.5172413793103449
A0257,23.0876292287885,113.333841266126,65.0,1,13,0.5172413793103449
A0258,23.0688473269984,113.322619933776,66.5,1,13,0.5172413793103449
A0259,23.0140365266132,113.399594747459,68.0,1,45,0.7837837837837838
A0260,23.0830827872767,113.339986287601,65.5,1,13,0.5172413793103449
A0261,23.0479763966089,113.289293329367,69.0,0,43,0.8666666666666667
A0262,23.0923158175952,113.333797010249,65.0,1,13,0.5172413793103449
A0263,22.941040742845,113.364357668065,65.0,1,45,0.7837837837837838
A0264,23.0960712672027,113.321480990538,65.5,1,13,0.5172413793103449
A0265,23.0191955713843,113.325271269013,65.5,1,43,0.8666666666666667
A0266,22.814592396584,113.419107833613,75.0,0,6,0.625
A0267,22.9663956802127,113.418650592067,67.0,1,45,0.7837837837837838
A0268,22.9345907957979,113.416799529649,70.0,1,45,0.7837837837837838
A0269,22.9910604358432,113.405244729793,70.5,1,45,0.7837837837837838
A0270,22.9617871362599,113.442038240113,66.0,1,45,0.7837837837837838
A0271,22.889927928137,113.461447492481,72.0,1,6,0.625
A0272,23.0217001615757,113.357449441031,68.0,1,43,0.8666666666666667
A0273,22.8100654032477,113.414159872993,75.0,0,6,0.625
A0274,23.0074313211394,113.320175523213,67.0,1,43,0.8666666666666667
A0275,22.9419492749117,113.371203549402,65.5,0,45,0.7837837837837838
A0276,22.9442835155064,113.404493207404,65.0,1,45,0.7837837837837838
A0277,22.9648193856445,113.35658051101,66.5,1,45,0.7837837837837838
A0278,22.9345907957979,113.416799529649,70.0,1,45,0.7837837837837838
A0279,22.9803507142826,113.322274897324,66.0,1,43,0.8666666666666667
A0280,22.9570529358364,113.423847297525,67.0,1,45,0.7837837837837838
A0281,22.9685945194393,113.408129594819,65.5,1,45,0.7837837837837838
A0282,22.954544920309,113.345148218755,66.5,1,45,0.7837837837837838
A0283,22.9226513421145,113.37549023365,68.0,1,45,0.7837837837837838
A0284,22.9422816695258,113.36044210182,65.0,1,45,0.7837837837837838
A0285,22.9532139767131,113.365905849252,65.5,0,45,0.7837837837837838
A0286,22.9543575536001,113.368049181045,65.5,1,45,0.7837837837837838
A0287,22.9677616002698,113.404437697513,65.5,1,45,0.7837837837837838
A0288,22.9541090079089,113.35841800032,65.5,0,45,0.7837837837837838
A0289,22.9400120209537,113.360734032246,65.0,0,45,0.7837837837837838
A0290,23.0539947236249,113.269913812089,69.0,1,43,0.8666666666666667
A0291,22.9428917947507,113.360686171427,65.0,0,45,0.7837837837837838
A0292,23.5552806571256,113.598866296147,70.0,1,5,1.0
A0293,22.9454816134881,113.403309240742,65.0,1,45,0.7837837837837838
A0294,22.9695087864523,113.382774251672,67.5,1,45,0.7837837837837838
A0295,23.5634113272119,113.580384782268,70.0,1,5,1.0
A0296,23.625476281953,113.431395570977,70.0,1,5,1.0
A0297,23.8783980646874,113.539711364689,70.0,1,28,1.0
A0298,23.7231177315918,113.739427045502,75.0,1,5,1.0
A0299,23.5603869306323,113.601878162707,70.0,1,5,1.0
A0300,23.5443598586509,113.592683288069,70.0,1,5,1.0
A0301,23.5445699394393,113.592693395803,70.0,1,5,1.0
A0302,23.5507963621779,113.596300622424,70.0,1,5,1.0
A0303,23.8161076699866,113.957929440388,75.0,1,22,1.0
A0304,23.5496608593721,113.592775572791,70.0,1,5,1.0
A0305,23.2315862158006,113.264376444648,66.5,1,21,0.6111111111111112
A0306,23.5565433531905,113.59466398704,70.0,1,5,1.0
A0307,23.5509090172857,113.602250999917,70.0,1,5,1.0
A0308,23.451655228992,113.284509235392,70.0,1,34,0.5
A0309,23.2141768895224,113.283053118991,65.5,1,21,0.6111111111111112
A0310,23.3433234671707,113.30125296199,66.5,1,39,0.6363636363636364
A0311,23.5584065115483,113.589514390519,70.0,1,5,1.0
A0312,23.2410397884986,113.311197191406,65.5,1,21,0.6111111111111112
A0313,23.1726853608924,113.282908079482,67.5,0,0,0.4375
A0314,23.1791674407324,113.25790735052,65.5,0,27,0.6666666666666666
A0315,23.2290590127881,113.274368000391,66.0,1,21,0.6111111111111112
A0316,23.1991462436325,113.259458632508,65.5,0,27,0.6666666666666666
A0317,23.21375407025,113.284813628909,65.5,1,21,0.6111111111111112
A0318,23.2539606231786,113.3157819451,65.5,1,21,0.6111111111111112
A0319,23.2138522396319,113.250263998616,65.5,1,27,0.6666666666666666
A0320,23.2169617302372,113.286259611525,65.0,1,21,0.6111111111111112
A0321,23.2945140830139,113.331306286413,69.0,1,39,0.6363636363636364
A0322,23.2418876586757,113.277071510111,66.0,0,21,0.6111111111111112
A0323,23.2422595225982,113.311166428036,65.5,1,21,0.6111111111111112
A0324,23.1836503160286,113.23346030743,65.0,1,27,0.6666666666666666
A0325,23.1990704508838,113.238775254148,65.5,0,27,0.6666666666666666
A0326,23.2370947579221,113.283780707827,65.5,1,21,0.6111111111111112
A0327,23.1871881251048,113.33669812113,66.0,0,31,0.2903225806451613
A0328,23.2203504832305,113.249281992413,66.0,0,27,0.6666666666666666
A0329,23.2184431225644,113.233372520524,65.0,1,27,0.6666666666666666
A0330,23.2127790884372,113.264933810878,65.5,1,21,0.6111111111111112
A0331,23.2278329763257,113.309807315155,65.5,0,21,0.6111111111111112
A0332,23.1780159610261,113.246117778807,65.0,1,27,0.6666666666666666
A0333,23.2205046444513,113.282637918591,65.5,1,21,0.6111111111111112
A0334,23.1862330842068,113.236325834633,65.0,1,27,0.6666666666666666
A0335,23.2945140830139,113.331306286413,69.0,1,39,0.6363636363636364
A0336,23.1589895713282,113.227692632702,65.5,1,27,0.6666666666666666
A0337,23.2139486173374,113.28101500123,65.5,1,21,0.6111111111111112
A0338,23.1788683820703,113.248234670775,65.0,1,27,0.6666666666666666
A0339,23.2187216190125,113.232305309581,65.0,1,27,0.6666666666666666
A0340,23.2179401249466,113.236867505669,65.5,1,27,0.6666666666666666
A0341,23.2945140830139,113.331306286413,69.0,1,39,0.6363636363636364
A0342,23.2315862158006,113.264376444648,66.5,1,21,0.6111111111111112
A0343,23.2315970128017,113.283056999671,65.5,0,21,0.6111111111111112
A0344,23.153345169411,113.239681806102,66.0,1,0,0.4375
A0345,23.2127106445265,113.264474385999,65.5,1,21,0.6111111111111112
A0346,23.2213710444092,113.236085547791,65.5,1,27,0.6666666666666666
A0347,23.1728152741435,113.322414943153,66.0,0,31,0.2903225806451613
A0348,23.206365215514,113.335895625293,65.5,0,21,0.6111111111111112
A0349,23.2363716469651,113.279566039833,65.5,1,21,0.6111111111111112
A0350,23.1953868141147,113.24107025225,65.0,0,27,0.6666666666666666
A0351,23.2262087621914,113.309597291327,65.5,0,21,0.6111111111111112
A0352,23.1570952030703,113.229730924734,65.5,1,27,0.6666666666666666
A0353,23.1618569962278,113.267647183093,65.5,0,0,0.4375
A0354,23.1564503764983,113.25493629847,66.5,0,0,0.4375
A0355,22.6389990620084,114.067579305816,65.5,0,9,0.0
A0356,22.5192435219873,113.919528084477,65.5,1,7,0.6956521739130435
A0357,22.6705773556367,113.873589422526,72.5,0,36,0.05555555555555555
A0358,22.5878132063265,113.972902100183,66.5,0,12,0.2
A0359,22.5720465259862,114.118813432035,66.0,0,29,0.09523809523809523
A0360,22.5824326423416,113.959148610744,65.5,0,12,0.2
A0361,22.6800886065083,113.834786135085,65.5,0,36,0.05555555555555555
A0362,22.5635259004334,113.989355615712,66.0,0,12,0.2
A0363,23.0121795664196,113.397404768457,68.0,0,45,0.7837837837837838
A0364,22.6873086955968,113.945959701828,65.0,0,9,0.0
A0365,23.2177188982725,113.235560013017,65.5,0,27,0.6666666666666666
A0366,23.2737321369292,113.301097836307,66.0,0,39,0.6363636363636364
A0367,23.3008098153715,113.362141773997,65.5,0,39,0.6363636363636364
A0368,23.2617227071835,113.278165851035,65.5,0,21,0.6111111111111112
A0369,22.5460535462053,114.025973657322,66.5,0,12,0.2
A0370,23.1431172149711,113.225451178099,66.0,0,0,0.4375
A0371,23.300429499058,113.362121549546,65.5,0,39,0.6363636363636364
A0372,23.199247592595,113.334818026987,65.5,0,21,0.6111111111111112
A0373,23.0970508132233,113.65815243231,68.0,1,23,1.0
A0374,23.1292895501859,113.660440161324,75.0,1,23,1.0
A0375,22.6415353446723,114.071911743459,65.5,0,9,0.0
A0376,23.0309814250994,113.315793623072,65.0,1,43,0.8666666666666667
A0377,22.9798450837371,113.32124534938,66.0,1,43,0.8666666666666667
A0378,23.1320667530002,113.274983579513,65.0,0,0,0.4375
A0379,23.129749076947,113.27520379821,65.0,1,0,0.4375
A0380,22.9626785886346,113.44558975742,66.0,1,45,0.7837837837837838
A0381,23.1285800369406,113.301162220558,65.5,1,0,0.4375
A0382,23.1424679663343,113.300500023872,65.0,0,0,0.4375
A0383,23.1824607136605,113.349796552716,66.0,0,31,0.2903225806451613
A0384,22.7766539600848,113.593355832336,75.0,1,15,0.9375
A0385,22.6494630437426,113.61298488569,75.0,1,15,0.9375
A0386,23.1389117583799,113.327461284846,65.0,0,13,0.5172413793103449
A0387,23.123828970428,113.329808547261,65.5,1,13,0.5172413793103449
A0388,22.8083933706056,113.553916809104,72.0,1,15,0.9375
A0389,23.1441611874437,113.293760883836,65.5,1,0,0.4375
A0390,22.8277143535964,113.521871138538,74.0,1,15,0.9375
A0391,23.1356204334411,113.304810722521,65.0,0,0,0.4375
A0392,23.127426434224,113.258166227795,65.0,1,0,0.4375
A0393,23.4466609971413,113.220175512121,75.0,1,8,0.5428571428571428
A0394,23.0806820394645,113.275790383623,66.0,1,0,0.4375
A0395,23.4743092941471,113.163008025374,75.0,0,8,0.5428571428571428
A0396,23.120114010906,113.253472000303,65.5,1,0,0.4375
A0397,23.4418427444799,113.328650207459,72.0,1,34,0.5
A0398,23.378032945333,113.256925866412,75.0,1,8,0.5428571428571428
A0399,23.4422022951455,113.330027902687,72.0,0,34,0.5
A0400,23.4032988937471,113.239851353182,75.0,1,8,0.5428571428571428
A0401,23.4311596868872,113.425450543792,75.0,1,34,0.5
A0402,23.0303004946802,113.314598833626,65.0,1,43,0.8666666666666667
A0403,22.9747908619712,113.329363505152,66.0,1,43,0.8666666666666667
A0404,23.0133503923012,113.395322940947,68.0,1,45,0.7837837837837838
A0405,22.889927928137,113.461447492481,72.0,1,6,0.625
A0406,22.842244770478,113.34507674867,73.0,1,6,0.625
A0407,23.4644497271334,113.17289253005,75.0,0,8,0.5428571428571428
A0408,23.0276837498034,113.317861522355,65.0,1,43,0.8666666666666667
A0409,22.9755619199802,113.497229597034,75.0,1,45,0.7837837837837838
A0410,22.8399689196883,113.349896587119,73.5,0,6,0.625
A0411,22.9122911460487,113.350763623513,75.0,1,45,0.7837837837837838
A0412,23.0274921446275,113.320897653944,65.0,1,43,0.8666666666666667
A0413,22.9505863015384,113.360998992846,65.5,1,45,0.7837837837837838
A0414,22.9728433412892,113.33540875269,65.5,1,43,0.8666666666666667
A0415,22.9609932512206,113.442775215343,72.0,1,45,0.7837837837837838
A0416,22.9628339452883,113.406359711981,65.5,1,45,0.7837837837837838
A0417,22.9537741327476,113.406340583464,65.5,1,45,0.7837837837837838
A0418,23.5419698533912,113.597955232004,75.0,1,5,1.0
A0419,22.9429413696911,113.406527119341,65.0,1,45,0.7837837837837838
A0420,22.8944532099976,113.409663520219,70.0,1,6,0.625
A0421,23.0161960097444,113.331499140264,65.5,1,43,0.8666666666666667
A0422,23.156559482763,113.214927947664,66.5,1,27,0.6666666666666666
A0423,22.9564903004594,113.37569955141,65.5,1,45,0.7837837837837838
A0424,23.5536667149567,113.595113187405,75.0,1,5,1.0
A0425,23.2988137457814,113.362942086053,65.5,1,39,0.6363636363636364
A0426,23.4545743426997,113.498304440238,80.0,1,5,1.0
A0427,23.2516148006236,113.292355934019,66.0,1,21,0.6111111111111112
A0428,23.2811907548296,113.237639583208,75.0,1,21,0.6111111111111112
A0429,23.5532427964904,113.595383667194,75.0,1,5,1.0
A0430,23.2584006380005,113.299976259658,66.0,1,21,0.6111111111111112
A0431,23.5538084332656,113.595332846458,75.0,1,5,1.0
A0432,23.2071763291842,113.264351529246,65.0,1,21,0.6111111111111112
A0433,23.2205046444513,113.282637918591,65.5,1,21,0.6111111111111112
A0434,23.2177287604034,113.273663975906,65.5,1,21,0.6111111111111112
A0435,23.4580336555592,113.186915348548,75.0,0,8,0.5428571428571428
A0436,23.3754397964086,113.213463779751,75.0,0,8,0.5428571428571428
A0437,23.474842874825,113.190817204106,75.0,0,8,0.5428571428571428
A0438,23.472901888906,113.17009429132,75.0,0,8,0.5428571428571428
A0439,23.4684162918268,113.161180117391,75.0,0,8,0.5428571428571428
A0440,22.5261987627598,113.989221103445,69.5,0,12,0.2
A0441,22.5552812580573,114.116091331883,67.0,0,29,0.09523809523809523
A0442,22.7228646081948,114.244500689134,69.0,0,2,0.47058823529411764
A0443,22.5677825311535,114.178127474059,73.0,0,29,0.09523809523809523
A0444,22.5638244435893,113.990763435615,66.5,0,12,0.2
A0445,22.6315777017323,114.123302633871,72.0,1,29,0.09523809523809523
A0446,22.6815574126063,113.946203836112,72.0,0,9,0.0
A0447,22.5470051749444,114.111156285752,66.5,0,29,0.09523809523809523
A0448,22.5493806296082,114.0502176654,67.0,0,12,0.2
A0449,22.5342988046997,114.031744934255,66.0,0,12,0.2
A0450,22.5787279784552,114.493609587007,85.0,0,20,0.0
A0451,22.6404087152961,114.043871991263,66.0,0,9,0.0
A0452,22.7338322090264,113.831527301883,65.5,0,36,0.05555555555555555
A0453,22.7856717283286,113.900408872501,65.5,0,1,0.7142857142857143
A0454,22.7724830477487,113.853852033528,66.0,0,1,0.7142857142857143
A0455,22.7404093434381,113.78907951532901,72.0,0,36,0.05555555555555555
A0456,22.6614932964768,114.027289854554,65.0,0,9,0.0
A0457,23.4663327934283,113.159491967779,72.0,0,8,0.5428571428571428
A0458,22.5819774592918,113.887926800664,66.5,0,25,0.2777777777777778
A0459,22.8051790039117,113.562851527771,72.0,0,15,0.9375
A0460,22.7052890344912,114.140315372427,85.0,0,2,0.47058823529411764
A0461,23.1909642166212,113.333153377047,65.5,1,31,0.2903225806451613
A0462,22.5239495360594,113.943441614942,65.5,1,7,0.6956521739130435
A0463,23.0978520176137,113.30579152751,65.0,0,13,0.5172413793103449
A0464,22.5271284915562,114.053908802739,65.5,0,12,0.2
A0465,22.5466030450199,114.104955103158,67.0,0,29,0.09523809523809523
A0466,22.5751764354803,114.144938591563,67.0,0,29,0.09523809523809523
A0467,22.5684783990602,113.900111175851,65.5,0,25,0.2777777777777778
A0468,22.5382641984622,114.065868116464,80.0,0,12,0.2
A0469,23.1387561070194,113.328810272924,65.0,0,13,0.5172413793103449
A0470,23.1433909799207,113.601178905529,75.0,1,23,1.0
A0471,23.1200324874268,113.28906062063,80.0,0,0,0.4375
A0472,23.1354253191953,113.30376769101,65.0,0,0,0.4375
A0473,23.1643204372819,113.243143347333,66.0,1,27,0.6666666666666666
A0474,23.1258531131285,113.412053885556,65.0,1,31,0.2903225806451613
A0475,23.1260611995584,113.332338938238,65.5,1,13,0.5172413793103449
A0476,23.1526315749439,113.331979797491,65.0,1,31,0.2903225806451613
A0477,23.1284220021568,113.411186844672,80.0,0,31,0.2903225806451613
A0478,23.188455969486,113.271628398553,80.0,0,21,0.6111111111111112
A0479,22.9429569540966,113.393421646793,66.0,1,45,0.7837837837837838
A0480,23.0945011126069,113.266406830693,66.5,1,0,0.4375
A0481,23.1967696624656,113.270313368219,80.0,1,21,0.6111111111111112
A0482,23.005695836616,113.124366095163,65.5,0,19,0.25
A0483,23.0449075056443,113.788434186424,65.5,1,4,1.0
A0484,23.0327255181001,113.120130016956,65.5,0,19,0.25
A0485,23.0062112801321,113.124130949323,65.5,0,19,0.25
A0486,22.7775913935574,113.751681280112,70.0,1,26,1.0
A0487,22.7210375151079,114.179051768446,70.5,1,2,0.47058823529411764
A0488,22.8123049141894,114.172988181103,72.0,1,24,1.0
A0489,22.801073004636,113.761810573039,66.5,1,1,0.7142857142857143
A0490,23.0312231929567,113.120797190255,65.5,0,19,0.25
A0491,23.0559517080781,113.871321006181,70.5,1,4,1.0
A0492,22.9169247082038,113.643302609506,71.5,1,11,1.0
A0493,22.8773995767733,114.127590783255,70.0,1,24,1.0
A0494,23.0648320643372,113.797148630807,66.5,1,4,1.0
A0495,23.0102541618787,113.681719877102,69.0,1,11,1.0
A0496,23.061598763352,113.662638304127,67.5,1,23,1.0
A0497,23.0416214033427,113.711922278254,68.5,1,23,1.0
A0498,23.0854273134241,113.693671167163,70.0,1,23,1.0
A0499,22.8552256842654,114.153499810477,70.0,1,24,1.0
A0500,22.8054401830895,113.823866505784,67.5,1,1,0.7142857142857143
A0501,22.822327887882,113.742463672955,70.0,1,26,1.0
A0502,22.8509409792328,114.166906113819,70.0,1,24,1.0
A0503,22.8503093107703,114.17089092789,70.0,1,24,1.0
A0504,23.005676034913,113.707651898251,70.0,1,11,1.0
A0505,23.0620925439786,113.826672991858,68.0,1,4,1.0
A0506,22.8447841362007,113.645469398751,69.5,1,26,1.0
A0507,22.8517147667039,113.631544853978,67.5,1,26,1.0
A0508,22.8613970561248,113.853997648851,72.5,1,1,0.7142857142857143
A0509,22.8196359913028,113.803729101343,65.0,1,1,0.7142857142857143
A0510,22.7956613516103,114.156533919082,70.0,1,24,1.0
A0511,22.8056751375083,113.790786495221,67.0,1,1,0.7142857142857143
A0512,23.0006485235747,113.615440171139,67.0,1,11,1.0
A0513,22.7824964256032,113.763894855302,66.0,1,1,0.7142857142857143
A0514,22.9599826103358,113.047410471082,72.5,1,3,0.2777777777777778
A0515,23.0147858347414,113.685852854091,68.5,1,11,1.0
A0516,22.7813971598431,113.767262814975,66.0,1,1,0.7142857142857143
A0517,23.0517083437427,113.842971110415,69.5,1,4,1.0
A0518,22.9914280505848,113.772501843648,67.5,1,4,1.0
A0519,23.0782913463907,113.798738433932,69.0,1,4,1.0
A0520,23.0628645421618,113.798758391046,66.5,1,4,1.0
A0521,23.0553868990725,113.770091056211,65.5,1,4,1.0
A0522,22.8001634735636,114.062761463402,70.0,1,37,0.5263157894736842
A0523,23.0484554136479,113.549906052461,75.0,1,35,0.4
A0524,22.8210452694299,113.809035656989,65.0,1,1,0.7142857142857143
A0525,22.7958978994958,113.797833496682,68.0,1,1,0.7142857142857143
A0526,23.0606086523514,113.737400338018,66.5,1,4,1.0
A0527,23.0178395430925,113.823368605583,69.0,1,4,1.0
A0528,23.0582848424311,113.814796412968,67.0,1,4,1.0
A0529,22.9693645389803,113.896613801214,69.5,1,38,1.0
A0530,23.0146520620935,113.768067630237,65.5,1,4,1.0
A0531,22.9952256500461,113.800023321624,71.0,1,4,1.0
A0532,23.0586652539435,113.832168844729,68.0,1,4,1.0
A0533,22.9874480584181,113.725147041239,68.0,1,11,1.0
A0534,22.9931322469322,113.732371574368,67.0,1,11,1.0
A0535,23.0287129725023,113.804578898355,66.0,1,4,1.0
A0536,22.9741748502627,113.734588322874,67.5,1,11,1.0
A0537,22.9413278534327,113.676795108485,66.0,1,11,1.0
A0538,22.8433968694871,113.255757350605,66.0,0,16,0.9411764705882353
A0539,23.0616798513549,113.810219858108,67.0,1,4,1.0
A0540,23.1793488547003,112.899403058306,70.0,1,10,1.0
A0541,23.1745526562453,113.068851324902,75.0,1,40,1.0
A0542,23.176777556242,112.87840230232,70.0,1,10,1.0
A0543,23.1694339716979,112.907385715472,70.0,1,10,1.0
A0544,23.2615298960726,113.024751811431,75.0,1,18,1.0
A0545,23.1686518599911,112.893812550085,70.0,1,10,1.0
A0546,23.1632181205162,112.914899704195,70.0,1,10,1.0
A0547,23.0705795085387,112.84454078101,75.0,1,10,1.0
A0548,22.9042229182472,112.901982569526,75.0,1,17,1.0
A0549,23.038668502773,113.2034172001,70.0,1,33,0.95
A0550,23.2030049778886,113.171393135087,69.5,1,27,0.6666666666666666
A0551,23.1701889270547,112.906063634338,70.0,1,10,1.0
A0552,22.8779429180473,113.226557750351,70.5,1,32,0.5454545454545454
A0553,23.1882857509082,113.205158375788,68.0,1,27,0.6666666666666666
A0554,23.1176526030152,113.177420842311,66.5,1,33,0.95
A0555,23.1465983899744,113.110448529325,67.5,1,40,1.0
A0556,23.1223276296192,113.191485208337,67.0,1,33,0.95
A0557,23.1673058447853,112.902415982172,70.0,1,10,1.0
A0558,23.1043540831342,113.199121080051,66.5,1,33,0.95
A0559,23.1858571842096,113.092755151871,75.0,1,40,1.0
A0560,23.0667704175712,113.142195274851,66.5,1,33,0.95
A0561,23.0440368254211,112.921450878294,71.5,1,42,0.8181818181818182
A0562,22.8366157391784,113.000031758026,73.0,1,3,0.2777777777777778
A0563,23.0070736517263,113.008964017539,73.5,1,42,0.8181818181818182
A0564,22.9534378642144,112.971287414513,75.0,1,42,0.8181818181818182
A0565,23.0782653874698,113.041381325849,70.0,1,18,1.0
A0566,23.1136000139085,113.015288870752,73.5,1,18,1.0
A0567,23.038668502773,113.2034172001,70.0,1,33,0.95
A0568,23.0695963041142,113.156188978369,66.0,1,33,0.95
A0569,22.903113126007,112.892336616166,73.0,1,17,1.0
A0570,23.0636965078897,113.135579080501,66.5,1,19,0.25
A0571,22.9105595649827,112.884142464646,75.0,1,17,1.0
A0572,23.0386304064782,113.170454746287,66.5,1,33,0.95
A0573,23.0657334258076,113.132115298896,66.5,1,19,0.25
A0574,23.1566635900953,112.904940835095,70.0,1,10,1.0
A0575,23.0705953200904,113.057661099931,66.0,0,19,0.25
A0576,23.0723987956829,113.089683174299,67.5,1,19,0.25
A0577,23.0379121696856,113.156351582446,65.5,1,19,0.25
A0578,22.8962453837208,112.88832892405,73.5,1,17,1.0
A0579,23.3355556593312,113.307528712027,67.5,1,39,0.6363636363636364
A0580,23.0723987956829,113.089683174299,67.5,1,19,0.25
A0581,23.0681764740523,112.970763459859,72.5,1,42,0.8181818181818182
A0582,23.0437280570501,113.147041134516,66.0,1,19,0.25
A0583,23.0396461884037,113.154622038916,65.5,1,19,0.25
A0584,22.9879600740101,113.017085872534,70.0,1,42,0.8181818181818182
A0585,23.0968614013705,113.041882016009,73.0,1,18,1.0
A0586,23.0147948092885,113.165181581555,68.0,1,19,0.25
A0587,22.8245226834435,112.683258303145,75.0,1,17,1.0
A0588,23.0411249226136,113.137340153956,65.5,0,19,0.25
A0589,23.0002230812856,113.108061364898,67.0,0,19,0.25
A0590,22.9011991118098,112.885001154883,73.0,1,17,1.0
A0591,23.0067591551232,113.129028721165,65.0,1,19,0.25
A0592,23.0348060377823,113.088038588012,66.0,1,19,0.25
A0593,23.0348960488659,113.090144599704,66.0,0,19,0.25
A0594,23.0057363854141,112.970789906871,75.0,0,42,0.8181818181818182
A0595,23.0390570488889,113.07259701903,66.0,0,19,0.25
A0596,22.9408169212329,113.062678084999,72.5,0,3,0.2777777777777778
A0597,23.0407652953817,113.111573746807,65.0,0,19,0.25
A0598,23.0387395974308,113.10737208987,65.5,0,19,0.25
A0599,23.0042101659913,113.070423194968,66.5,0,19,0.25
A0600,23.0488614986084,113.071886353372,66.0,0,19,0.25
A0601,23.0342933071827,113.064006671661,66.0,0,19,0.25
A0602,23.0304158077439,113.121425020467,65.5,0,19,0.25
A0603,23.020849501249,113.139314774692,66.0,0,19,0.25
A0604,22.9908324994785,113.072310229606,68.0,0,19,0.25
A0605,23.0263055575238,113.14034911869,66.0,0,19,0.25
A0606,23.0433406482801,113.105616652684,65.5,0,19,0.25
A0607,23.0299148275537,113.057659469996,66.0,0,19,0.25
A0608,23.0128103543391,113.12023264297,66.0,0,19,0.25
A0609,23.0451643289461,113.121004643132,65.5,0,19,0.25
A0610,23.0024026000191,113.06518692922,67.0,0,19,0.25
A0611,23.0300435166782,113.1298659419,65.5,0,19,0.25
A0612,22.914524735596,113.67609750868,70.0,1,11,1.0
A0613,22.8561568247489,114.153990724557,70.0,1,24,1.0
A0614,23.0094440004859,113.092542767296,66.0,0,19,0.25
A0615,22.9799456310705,114.00208465958,67.0,1,14,1.0
A0616,23.0103936002526,113.146297253114,66.0,0,19,0.25
A0617,23.0057602389096,113.135566462902,65.5,0,19,0.25
A0618,22.9436279752327,113.675682632569,65.5,1,11,1.0
A0619,23.0804329753525,113.96781959271,70.0,1,30,1.0
A0620,22.9322496901802,113.940333894816,69.0,1,38,1.0
A0621,22.7933995909888,114.160893619398,70.0,1,24,1.0
A0622,22.8001848760928,113.78268970834,67.0,1,1,0.7142857142857143
A0623,22.9789226838562,113.956267034415,70.0,1,38,1.0
A0624,22.8311081741368,113.780171847827,69.0,1,1,0.7142857142857143
A0625,22.7283175842834,114.196704294559,72.0,1,2,0.47058823529411764
A0626,22.7810824907836,114.057401414561,70.0,1,37,0.5263157894736842
A0627,22.7963311816439,114.063232639014,70.0,1,37,0.5263157894736842
A0628,22.8210452694299,113.809035656989,65.0,1,1,0.7142857142857143
A0629,23.0488373689981,113.855765592247,70.0,1,4,1.0
A0630,22.8197357594223,113.809330215857,65.0,1,1,0.7142857142857143
A0631,22.922770135563,113.668950192994,66.0,1,11,1.0
A0632,22.8387027978275,113.706687858337,68.5,1,26,1.0
A0633,23.0312877339999,113.833431230766,67.5,1,4,1.0
A0634,22.9988913711559,113.620642866499,66.5,1,11,1.0
A0635,22.7920915007785,114.101788080371,70.0,1,37,0.5263157894736842
A0636,22.9692111907922,113.763837072117,71.5,1,11,1.0
A0637,22.7678133746856,114.042169117525,70.0,1,37,0.5263157894736842
A0638,23.0502978766506,113.756615851938,65.5,1,4,1.0
A0639,22.8188764003867,113.677415476473,65.5,1,26,1.0
A0640,22.8824543531031,114.006817471989,75.0,1,14,1.0
A0641,22.7406896029042,114.16644492377,70.0,1,2,0.47058823529411764
A0642,22.9654733746607,114.154279241422,75.0,1,24,1.0
A0643,22.6979684232862,114.178714153794,68.0,1,2,0.47058823529411764
A0644,22.9692050712888,114.17415507996,75.0,1,24,1.0
A0645,23.0350410631997,113.856110740986,69.0,1,4,1.0
A0646,23.02874532138,113.831151892824,67.5,1,4,1.0
A0647,23.1021459843495,113.803077113899,69.5,1,4,1.0
A0648,23.0230261000922,113.841660492557,68.0,1,4,1.0
A0649,22.8442148547205,114.174437866534,70.0,1,24,1.0
A0650,23.0637715622437,113.834619040379,68.5,1,4,1.0
A0651,23.0284963036582,113.848423024468,68.0,1,4,1.0
A0652,22.8448561052026,114.17280891256,70.0,1,24,1.0
A0653,23.0263155095615,113.842256654806,67.5,1,4,1.0
A0654,22.8576093516002,113.053125232022,70.5,1,3,0.2777777777777778
A0655,22.9879600740101,113.017085872534,69.0,1,42,0.8181818181818182
A0656,22.8485100847874,113.187029876878,70.5,1,32,0.5454545454545454
A0657,22.884598405881,113.218275910739,68.0,0,32,0.5454545454545454
A0658,22.9138948968317,113.22408782342,74.0,0,32,0.5454545454545454
A0659,22.9652963044555,113.246073168058,71.5,0,32,0.5454545454545454
A0660,22.8785231192173,113.055362279538,75.0,0,3,0.2777777777777778
A0661,22.8785231192173,113.055362279538,75.0,0,3,0.2777777777777778
A0662,22.709901727628,113.168230689167,75.0,1,44,0.5
A0663,23.0097420550132,113.085522754975,65.5,0,19,0.25
A0664,22.803630662197,113.252398406643,72.5,1,16,0.9411764705882353
A0665,22.7203633425375,113.155094249377,75.0,1,44,0.5
A0666,22.8572715949298,113.267790531992,68.0,1,16,0.9411764705882353
A0667,22.7678996653103,113.292417323319,70.0,1,16,0.9411764705882353
A0668,22.8469006321086,113.27797488925,68.0,1,16,0.9411764705882353
A0669,22.9095333434673,113.180925088087,70.0,1,32,0.5454545454545454
A0670,22.9301721211053,113.218367086951,72.5,1,32,0.5454545454545454
A0671,22.8663634695488,113.138382886031,70.0,1,3,0.2777777777777778
A0672,22.8573761736994,113.053481894344,70.5,0,3,0.2777777777777778
A0673,22.8225054564589,113.241833078018,70.0,1,16,0.9411764705882353
A0674,22.8821412994344,113.217936898324,68.5,0,32,0.5454545454545454
A0675,23.038668502773,113.2034172001,70.0,1,33,0.95
A0676,22.8527143126952,113.256555405219,67.5,1,16,0.9411764705882353
A0677,23.1282410171152,113.013931250855,71.0,1,18,1.0
A0678,23.1010323160045,113.211687200944,67.0,1,33,0.95
A0679,22.8057463245352,113.275591790733,72.0,1,16,0.9411764705882353
A0680,23.1463183060349,113.105092598317,68.0,1,40,1.0
A0681,22.8413902401261,113.263175388622,66.0,1,16,0.9411764705882353
A0682,22.8479968450011,113.26544497456,66.5,1,16,0.9411764705882353
A0683,22.8225054564589,113.241833078018,70.0,1,16,0.9411764705882353
A0684,22.8413377965285,113.252832115729,66.5,1,16,0.9411764705882353
A0685,22.8178291155714,113.728878210665,72.0,1,26,1.0
A0686,22.9133457843452,113.625675911473,75.0,1,11,1.0
A0687,23.1042585145758,113.864423907207,72.0,1,4,1.0
A0688,23.2543432887861,113.14167326952,72.5,1,27,0.6666666666666666
A0689,22.8046147160884,113.738957680873,72.0,1,26,1.0
A0690,23.2297821786792,113.08571823344,75.0,1,40,1.0
A0691,23.1282410171152,113.013931250855,75.0,1,18,1.0
A0692,23.1507239282908,113.106826651341,68.0,1,40,1.0
A0693,23.0401469705316,113.107472443172,65.5,0,19,0.25
A0694,23.0350962096639,113.215226958534,68.0,1,33,0.95
A0695,23.0671216566109,113.711024992321,72.0,1,23,1.0
A0696,22.9689426342209,113.985753238143,68.0,1,14,1.0
A0697,22.8249515950992,114.147304677072,75.0,1,24,1.0
A0698,23.0298667434828,113.806949257104,66.0,1,4,1.0
A0699,23.0639742531614,113.107355157709,66.5,0,19,0.25
A0700,22.9246374356847,113.663224470031,72.0,1,11,1.0
A0701,22.9443423605056,113.677128266642,65.5,1,11,1.0
A0702,22.8444321776728,114.174983888962,75.0,1,24,1.0
A0703,22.7810824907836,114.057401414561,69.0,1,37,0.5263157894736842
A0704,22.9178973547884,114.014809217311,75.0,1,14,1.0
A0705,23.0824818204854,113.87562020652,68.5,1,4,1.0
A0706,22.7884983701101,114.109162080758,75.0,1,37,0.5263157894736842
A0707,23.1090441157491,113.824963965626,72.0,1,4,1.0
A0708,22.8886494830168,113.668795077192,75.0,1,26,1.0
A0709,22.8231151648424,113.682687043119,65.5,1,26,1.0
A0710,23.0214706869108,113.976730290197,72.0,1,30,1.0
A0711,22.8415806472933,113.983753398078,75.0,1,14,1.0
A0712,22.8019369732641,113.721548430265,72.0,1,26,1.0
A0713,23.0999697184324,113.660367638426,68.0,1,23,1.0
A0714,22.8206529271952,113.67932364446,66.0,1,26,1.0
A0715,23.000784269834,113.950923237718,72.0,1,38,1.0
A0716,22.7439453430623,114.143999862305,75.0,1,2,0.47058823529411764
A0717,22.8387027978275,113.706687858337,72.0,1,26,1.0
A0718,22.7022856763495,114.17366808878,75.0,1,2,0.47058823529411764
A0719,22.8291522954934,113.734764672822,72.0,1,26,1.0
A0720,23.0250614847676,114.103597283837,75.0,1,30,1.0
A0721,22.7482989235827,114.139154251471,75.0,1,2,0.47058823529411764
A0722,22.8766088620577,113.675043962504,75.0,1,26,1.0
A0723,22.7359118422042,114.275790353461,65.5,1,41,0.3
A0724,23.0824818204854,113.87562020652,68.5,1,4,1.0
A0725,22.9654733746607,114.154279241422,75.0,1,24,1.0
A0726,22.8358629451655,114.112857784184,75.0,1,24,1.0
A0727,22.9456590628681,113.950584289981,72.0,1,38,1.0
A0728,23.0056171711805,113.938165520835,72.0,1,38,1.0
A0729,22.8889808795302,113.22103719857,69.5,0,32,0.5454545454545454
A0730,22.766760474344,113.262949835787,72.5,1,16,0.9411764705882353
A0731,22.8847994536314,113.258954240253,73.0,1,32,0.5454545454545454
A0732,22.8442556528527,113.258879341336,66.0,1,16,0.9411764705882353
A0733,22.9511921373438,113.267032816684,75.0,1,32,0.5454545454545454
A0734,22.7112985335732,113.161417171232,75.0,0,44,0.5
A0735,23.2044587942103,113.163389144961,75.0,1,27,0.6666666666666666
A0736,22.7836039192068,113.291565936306,72.0,1,16,0.9411764705882353
A0737,23.2604804048825,113.023625339017,75.0,1,18,1.0
A0738,22.9870641976251,113.768942907685,68.0,1,4,1.0
A0739,23.0955424458077,113.184764535666,85.0,1,33,0.95
A0740,23.1035079563968,113.183697797873,80.0,1,33,0.95
A0741,22.8206529271952,113.67932364446,66.0,1,26,1.0
A0742,22.9896558558926,113.88973869186,85.0,1,38,1.0
A0743,22.9413278534327,113.676795108485,72.0,1,11,1.0
A0744,22.833992257428,114.096809684656,72.0,1,24,1.0
A0745,23.221138677572,112.92484586407,75.0,1,10,1.0
A0746,23.024293694452,113.791300864956,66.5,1,4,1.0
A0747,22.8206529271952,113.67932364446,66.0,1,26,1.0
A0748,23.0962141788758,113.657281174779,68.0,1,23,1.0
A0749,22.9704957404223,113.919336448962,85.0,1,38,1.0
A0750,23.0294146213547,113.995516745558,85.0,1,30,1.0
A0751,23.1175980334657,113.88363678999,85.0,1,4,1.0
A0752,22.8184991007943,113.806716820553,65.0,1,1,0.7142857142857143
A0753,22.9629450030037,113.678640867595,66.5,1,11,1.0
A0754,23.0635445240355,113.771058201567,65.5,1,4,1.0
A0755,22.8002965692193,113.747257394969,72.0,1,26,1.0
A0756,23.0781565993019,113.874114264706,67.5,1,4,1.0
A0757,23.0598321533773,113.587232366643,75.0,1,23,1.0
A0758,23.1270333724732,113.012003662401,72.0,1,18,1.0
A0759,23.0423525405033,113.73183708259,67.0,1,4,1.0
A0760,22.8086981089585,114.100226422955,85.0,1,37,0.5263157894736842
A0761,23.1050098142636,113.81981570219,72.0,1,4,1.0
A0762,23.0546665424943,113.741403919488,66.0,1,4,1.0
A0763,23.0571480063294,113.663448043001,72.0,1,23,1.0
A0764,23.0422956723757,113.807775788003,66.0,1,4,1.0
A0765,23.0037161609897,113.881268016751,85.0,1,38,1.0
A0766,23.0087768345489,113.738185622321,72.0,1,11,1.0
A0767,22.9381595638576,113.887040884362,70.0,1,38,1.0
A0768,23.050802973719,113.715671602434,72.0,1,23,1.0
A0769,23.0832246049506,113.728526388413,66.5,1,23,1.0
A0770,23.0543426926731,113.754890746037,65.5,1,4,1.0
A0771,22.9166930484938,114.024871476885,72.0,1,14,1.0
A0772,23.0260996458756,113.746607957814,66.5,1,4,1.0
A0773,23.0732836216131,114.023446723923,85.0,1,30,1.0
A0774,23.0863688268226,113.950534371144,72.0,1,30,1.0
A0775,23.138716748176,113.111198007171,85.0,1,40,1.0
A0776,22.9880788465572,114.02085788919,66.0,1,14,1.0
A0777,23.0432640719596,112.92608125962,85.0,1,42,0.8181818181818182
A0778,23.061022998073,112.922148208607,80.0,1,42,0.8181818181818182
A0779,22.9408117474556,113.945322628052,72.0,1,38,1.0
A0780,22.9958708444062,113.762143365587,72.0,1,4,1.0
A0781,22.9133414171648,113.84836931568,72.0,1,38,1.0
A0782,22.9733332699073,113.730314028056,67.5,1,11,1.0
A0783,23.1127608293168,112.929911359432,70.0,1,10,1.0
A0784,23.1235871810544,113.164835494985,68.0,1,33,0.95
A0785,23.0591386340413,113.743130759118,66.0,1,4,1.0
A0786,23.0681283794355,113.025536318701,80.0,1,18,1.0
A0787,23.0972442086687,113.752357670924,71.0,1,4,1.0
A0788,23.1988536579718,113.185160535684,85.0,1,27,0.6666666666666666
A0789,23.0934829483957,113.182621538042,85.0,1,33,0.95
A0790,23.2319069152492,113.089087363288,85.0,1,40,1.0
A0791,23.0627911897857,113.062378415671,85.0,0,19,0.25
A0792,23.062334149945,113.105684107343,66.5,1,19,0.25
A0793,23.1097103215366,113.180840492262,85.0,1,33,0.95
A0794,23.2292311126214,113.082718812903,85.0,1,40,1.0
A0795,23.1150190928058,112.930563684639,70.0,1,10,1.0
A0796,23.1152677456473,113.116939915803,85.0,1,40,1.0
A0797,22.8025686356877,113.287397853538,85.0,1,16,0.9411764705882353
A0798,23.0600749433877,112.921689887746,85.0,1,42,0.8181818181818182
A0799,23.1502912237444,113.109264614765,67.5,1,40,1.0
A0800,23.110656485148,113.130968681083,85.0,1,40,1.0
A0801,23.0650595011001,113.057277936699,72.0,1,19,0.25
A0802,22.9359515728405,113.899085229213,80.0,1,38,1.0
A0803,23.1145839344212,113.861314181041,72.0,1,4,1.0
A0804,22.9067297737592,113.847587430565,72.0,1,38,1.0
A0805,22.909766201816,114.074039829211,80.0,1,14,1.0
A0806,23.1146532512226,113.836965417065,72.0,1,4,1.0
A0807,23.0390982506854,113.773177736349,65.5,1,4,1.0
A0808,22.8467040067956,114.159286453825,85.0,1,24,1.0
A0809,23.1152677456473,113.116939915803,85.0,1,40,1.0
A0810,22.8640296541497,113.139840112737,72.0,1,3,0.2777777777777778
A0811,22.9662958675475,113.090602899005,72.0,0,3,0.2777777777777778
A0812,22.964117958076,113.089718547773,72.0,0,3,0.2777777777777778
A0813,22.9588149646884,113.08996379955,72.0,0,3,0.2777777777777778
A0814,22.8896740066287,113.081987000235,74.0,0,3,0.2777777777777778
A0815,23.1127516798931,113.12539121536,80.0,1,40,1.0
A0816,22.9642070520217,113.095785867576,72.0,0,3,0.2777777777777778
A0817,22.9604996933944,113.107183817611,72.0,0,3,0.2777777777777778
A0818,23.0636785372865,113.05707444984,72.0,0,19,0.25
A0819,22.9653213803937,113.092568377088,72.0,0,3,0.2777777777777778
A0820,23.0095891526153,113.085642361659,72.0,0,19,0.25
A0821,22.7898213335287,113.164103868266,74.0,0,44,0.5
A0822,23.0418187677355,113.088398158149,72.0,0,19,0.25
A0823,22.9681791710674,113.097867107594,72.0,0,3,0.2777777777777778
A0824,22.9945666637602,113.140925647573,72.0,0,19,0.25
A0825,22.9788820160337,113.016650621057,72.0,0,42,0.8181818181818182
A0826,22.9456383638471,113.09004145357,72.0,0,3,0.2777777777777778
A0827,23.0666723454291,113.154870338644,65.5,1,33,0.95
A0828,23.0128081082158,113.760312199449,66.0,1,4,1.0
A0829,23.1790300071117,112.876192460885,80.0,1,10,1.0
A0830,23.1234111293555,113.151774758095,85.0,1,33,0.95
A0831,23.0440623974563,113.125784041664,65.5,0,19,0.25
A0832,22.8332623991325,113.280151555364,72.0,1,16,0.9411764705882353
A0833,22.8146759735082,113.827731195748,85.0,1,1,0.7142857142857143
A0834,23.0636739781751,113.771188397476,65.5,1,4,1.0
A0835,23.1232943054161,113.110382335887,85.0,1,40,1.0
